{"outer": [[0.196875, 0.41388888888888886], [0.29765625, 0.18888888888888888], [0.62890625, 0.14583333333333334], [0.87890625, 0.35138888888888886], [0.81328125, 0.5791666666666667], [0.6359375, 0.8416666666666667], [0.29140625, 0.7791666666666667], [0.190625, 0.5416666666666666], [0.196875, 0.41388888888888886]], "inner": [[0.2859375, 0.5888888888888889], [0.2796875, 0.41388888888888886], [0.47109375, 0.26666666666666666], [0.71015625, 0.2791666666666667], [0.7640625, 0.475], [0.69375, 0.6180555555555556], [0.5859375, 0.7541666666666667], [0.35, 0.6583333333333333], [0.2859375, 0.5888888888888889]]}